frame,abstime,reltime,Line 2 [C]
0,2020-07-12 21:42:35.058000,0.000000,2.490211e+01
1,2020-07-12 21:42:35.191000,0.133000,2.505797e+01
2,2020-07-12 21:42:35.325000,0.267000,2.507613e+01
3,2020-07-12 21:42:35.458000,0.400000,2.507058e+01
4,2020-07-12 21:42:35.591000,0.533000,2.505697e+01
5,2020-07-12 21:42:35.725000,0.667000,2.505338e+01
6,2020-07-12 21:42:35.858000,0.800000,2.506398e+01
7,2020-07-12 21:42:35.992000,0.934000,2.506935e+01
8,2020-07-12 21:42:36.125000,1.067000,2.508160e+01
9,2020-07-12 21:42:36.258000,1.200000,2.507430e+01
10,2020-07-12 21:42:36.391000,1.333000,2.487846e+01
11,2020-07-12 21:42:36.525000,1.467000,2.506800e+01
12,2020-07-12 21:42:36.658000,1.600000,2.505692e+01
13,2020-07-12 21:42:36.791000,1.733000,2.506611e+01
14,2020-07-12 21:42:37.058000,2.000000,2.507124e+01
15,2020-07-12 21:42:37.191000,2.133000,2.507265e+01
16,2020-07-12 21:42:37.325000,2.267000,2.507230e+01
17,2020-07-12 21:42:37.458000,2.400000,2.508055e+01
18,2020-07-12 21:42:37.591000,2.533000,2.506611e+01
19,2020-07-12 21:42:37.725000,2.667000,2.506688e+01
20,2020-07-12 21:42:37.858000,2.800000,2.482290e+01
21,2020-07-12 21:42:37.992000,2.934000,2.506293e+01
22,2020-07-12 21:42:38.125000,3.067000,2.507571e+01
23,2020-07-12 21:42:38.258000,3.200000,2.507790e+01
24,2020-07-12 21:42:38.391000,3.333000,2.507466e+01
25,2020-07-12 21:42:38.525000,3.467000,2.507548e+01
26,2020-07-12 21:42:38.658000,3.600000,2.507200e+01
27,2020-07-12 21:42:38.791000,3.733000,2.507318e+01
28,2020-07-12 21:42:38.924000,3.866000,2.502112e+01
29,2020-07-12 21:42:39.058000,4.000000,2.498668e+01
30,2020-07-12 21:42:39.325000,4.267000,2.474652e+01
31,2020-07-12 21:42:39.458000,4.400000,2.498292e+01
32,2020-07-12 21:42:39.591000,4.533000,2.498993e+01
33,2020-07-12 21:42:39.725000,4.667000,2.500892e+01
34,2020-07-12 21:42:39.858000,4.800000,2.502514e+01
35,2020-07-12 21:42:39.992000,4.934000,2.502385e+01
36,2020-07-12 21:42:40.125000,5.067000,2.500791e+01
37,2020-07-12 21:42:40.258000,5.200000,2.498792e+01
38,2020-07-12 21:42:40.391000,5.333000,2.500102e+01
39,2020-07-12 21:42:40.525000,5.467000,2.499505e+01
40,2020-07-12 21:42:40.658000,5.600000,2.473484e+01
41,2020-07-12 21:42:40.791000,5.733000,2.544661e+01
42,2020-07-12 21:42:40.924000,5.866000,2.541434e+01
43,2020-07-12 21:42:41.058000,6.000000,2.522677e+01
44,2020-07-12 21:42:41.191000,6.133000,2.524526e+01
45,2020-07-12 21:42:41.458000,6.400000,2.522255e+01
46,2020-07-12 21:42:41.591000,6.533000,2.524372e+01
47,2020-07-12 21:42:41.725000,6.667000,2.514285e+01
48,2020-07-12 21:42:41.858000,6.800000,2.510747e+01
49,2020-07-12 21:42:41.991000,6.933000,2.497243e+01
50,2020-07-12 21:42:42.124000,7.066000,2.471524e+01
51,2020-07-12 21:42:42.258000,7.200000,2.490013e+01
52,2020-07-12 21:42:42.391000,7.333000,2.491936e+01
53,2020-07-12 21:42:42.525000,7.467000,2.493334e+01
54,2020-07-12 21:42:42.658000,7.600000,2.490643e+01
55,2020-07-12 21:42:42.791000,7.733000,2.480571e+01
56,2020-07-12 21:42:42.924000,7.866000,2.481168e+01
57,2020-07-12 21:42:43.058000,8.000000,2.480529e+01
58,2020-07-12 21:42:43.191000,8.133000,2.481542e+01
59,2020-07-12 21:42:43.324000,8.266000,2.481454e+01
60,2020-07-12 21:42:43.458000,8.400000,2.471231e+01
61,2020-07-12 21:42:43.725000,8.667000,2.485374e+01
62,2020-07-12 21:42:43.858000,8.800000,2.484198e+01
63,2020-07-12 21:42:43.991000,8.933000,2.483708e+01
64,2020-07-12 21:42:44.124000,9.066000,2.483016e+01
65,2020-07-12 21:42:44.258000,9.200000,2.483778e+01
66,2020-07-12 21:42:44.391000,9.333000,2.484134e+01
67,2020-07-12 21:42:44.525000,9.467000,2.484151e+01
68,2020-07-12 21:42:44.658000,9.600000,2.483134e+01
69,2020-07-12 21:42:44.791000,9.733000,2.485333e+01
70,2020-07-12 21:42:44.924000,9.866000,2.468558e+01
71,2020-07-12 21:42:45.058000,10.000000,2.486681e+01
72,2020-07-12 21:42:45.191000,10.133000,2.486883e+01
73,2020-07-12 21:42:45.324000,10.266000,2.485432e+01
74,2020-07-12 21:42:45.457000,10.399000,2.485200e+01
75,2020-07-12 21:42:45.590000,10.532000,2.482349e+01
76,2020-07-12 21:42:45.724000,10.666000,2.485303e+01
77,2020-07-12 21:42:45.990000,10.932000,2.482717e+01
78,2020-07-12 21:42:46.123000,11.065000,2.478919e+01
79,2020-07-12 21:42:46.257000,11.199000,2.479918e+01
80,2020-07-12 21:42:46.390000,11.332000,2.470467e+01
81,2020-07-12 21:42:46.523000,11.465000,2.478242e+01
82,2020-07-12 21:42:46.656000,11.598000,2.478389e+01
83,2020-07-12 21:42:46.790000,11.732000,2.479059e+01
84,2020-07-12 21:42:46.923000,11.865000,2.477713e+01
85,2020-07-12 21:42:47.057000,11.999000,2.475626e+01
86,2020-07-12 21:42:47.190000,12.132000,2.476244e+01
87,2020-07-12 21:42:47.323000,12.265000,2.475670e+01
88,2020-07-12 21:42:47.456000,12.398000,2.474879e+01
89,2020-07-12 21:42:47.590000,12.532000,2.476767e+01
90,2020-07-12 21:42:47.724000,12.666000,2.462568e+01
91,2020-07-12 21:42:47.990000,12.932000,2.480097e+01
92,2020-07-12 21:42:48.123000,13.065000,2.480170e+01
93,2020-07-12 21:42:48.257000,13.199000,2.480627e+01
94,2020-07-12 21:42:48.390000,13.332000,2.478745e+01
95,2020-07-12 21:42:48.523000,13.465000,2.479659e+01
96,2020-07-12 21:42:48.656000,13.598000,2.482289e+01
97,2020-07-12 21:42:48.790000,13.732000,2.484810e+01
98,2020-07-12 21:42:48.923000,13.865000,2.486191e+01
99,2020-07-12 21:42:49.057000,13.999000,2.485831e+01
100,2020-07-12 21:42:49.190000,14.132000,2.463221e+01
101,2020-07-12 21:42:49.323000,14.265000,2.465749e+01
102,2020-07-12 21:42:49.456000,14.398000,2.463371e+01
103,2020-07-12 21:42:49.590000,14.532000,2.463954e+01
104,2020-07-12 21:42:49.723000,14.665000,2.462536e+01
105,2020-07-12 21:42:49.856000,14.798000,2.462713e+01
106,2020-07-12 21:42:49.990000,14.932000,2.463392e+01
107,2020-07-12 21:42:50.257000,15.199000,2.457065e+01
108,2020-07-12 21:42:50.390000,15.332000,2.454692e+01
109,2020-07-12 21:42:50.523000,15.465000,2.453587e+01
110,2020-07-12 21:42:50.656000,15.598000,2.456419e+01
111,2020-07-12 21:42:50.790000,15.732000,2.457630e+01
112,2020-07-12 21:42:50.923000,15.865000,2.456824e+01
113,2020-07-12 21:42:51.057000,15.999000,2.453332e+01
114,2020-07-12 21:42:51.190000,16.132000,2.452938e+01
115,2020-07-12 21:42:51.323000,16.265000,2.455062e+01
116,2020-07-12 21:42:51.456000,16.398000,2.457261e+01
117,2020-07-12 21:42:51.590000,16.532000,2.458351e+01
118,2020-07-12 21:42:51.723000,16.665000,2.458720e+01
119,2020-07-12 21:42:51.856000,16.798000,2.457646e+01
120,2020-07-12 21:42:51.990000,16.932000,2.457368e+01
121,2020-07-12 21:42:52.123000,17.065000,2.457971e+01
122,2020-07-12 21:42:52.257000,17.199000,2.456391e+01
123,2020-07-12 21:42:52.523000,17.465000,2.461096e+01
124,2020-07-12 21:42:52.656000,17.598000,2.462165e+01
125,2020-07-12 21:42:52.790000,17.732000,2.463349e+01
126,2020-07-12 21:42:52.923000,17.865000,2.463314e+01
127,2020-07-12 21:42:53.056000,17.998000,2.464440e+01
128,2020-07-12 21:42:53.189000,18.131000,2.463872e+01
129,2020-07-12 21:42:53.323000,18.265000,2.465326e+01
130,2020-07-12 21:42:53.456000,18.398000,2.464552e+01
131,2020-07-12 21:42:53.590000,18.532000,2.464282e+01
132,2020-07-12 21:42:53.723000,18.665000,2.465504e+01
133,2020-07-12 21:42:53.856000,18.798000,2.464743e+01
134,2020-07-12 21:42:53.990000,18.932000,2.462999e+01
135,2020-07-12 21:42:54.123000,19.065000,2.463549e+01
136,2020-07-12 21:42:54.257000,19.199000,2.463130e+01
137,2020-07-12 21:42:54.523000,19.465000,2.460454e+01
138,2020-07-12 21:42:54.656000,19.598000,2.459537e+01
139,2020-07-12 21:42:54.790000,19.732000,2.457385e+01
140,2020-07-12 21:42:54.923000,19.865000,2.456948e+01
141,2020-07-12 21:42:55.056000,19.998000,2.455761e+01
142,2020-07-12 21:42:55.189000,20.131000,2.456842e+01
143,2020-07-12 21:42:55.323000,20.265000,2.456183e+01
144,2020-07-12 21:42:55.456000,20.398000,2.460167e+01
145,2020-07-12 21:42:55.589000,20.531000,2.461641e+01
146,2020-07-12 21:42:55.723000,20.665000,2.461196e+01
147,2020-07-12 21:42:55.856000,20.798000,2.462385e+01
148,2020-07-12 21:42:55.990000,20.932000,2.463501e+01
149,2020-07-12 21:42:56.123000,21.065000,2.463834e+01
150,2020-07-12 21:42:56.256000,21.198000,2.464143e+01
151,2020-07-12 21:42:56.389000,21.331000,2.464604e+01
152,2020-07-12 21:42:56.523000,21.465000,2.462158e+01
153,2020-07-12 21:42:56.790000,21.732000,2.465232e+01
154,2020-07-12 21:42:56.923000,21.865000,2.466765e+01
155,2020-07-12 21:42:57.056000,21.998000,2.465191e+01
156,2020-07-12 21:42:57.189000,22.131000,2.466477e+01
157,2020-07-12 21:42:57.323000,22.265000,2.466365e+01
158,2020-07-12 21:42:57.456000,22.398000,2.466178e+01
159,2020-07-12 21:42:57.589000,22.531000,2.469299e+01
160,2020-07-12 21:42:57.723000,22.665000,2.467080e+01
161,2020-07-12 21:42:57.856000,22.798000,2.467247e+01
162,2020-07-12 21:42:57.990000,22.932000,2.468599e+01
163,2020-07-12 21:42:58.123000,23.065000,2.469500e+01
164,2020-07-12 21:42:58.256000,23.198000,2.470359e+01
165,2020-07-12 21:42:58.389000,23.331000,2.470138e+01
166,2020-07-12 21:42:58.523000,23.465000,2.470668e+01
167,2020-07-12 21:42:58.656000,23.598000,2.473573e+01
168,2020-07-12 21:42:58.790000,23.732000,2.474514e+01
169,2020-07-12 21:42:59.056000,23.998000,2.477116e+01
170,2020-07-12 21:42:59.189000,24.131000,2.478090e+01
171,2020-07-12 21:42:59.323000,24.265000,2.478571e+01
172,2020-07-12 21:42:59.456000,24.398000,2.477292e+01
173,2020-07-12 21:42:59.589000,24.531000,2.476826e+01
174,2020-07-12 21:42:59.722000,24.664000,2.478794e+01
175,2020-07-12 21:42:59.855000,24.797000,2.481611e+01
176,2020-07-12 21:42:59.989000,24.931000,2.481632e+01
177,2020-07-12 21:43:00.122000,25.064000,2.482627e+01
178,2020-07-12 21:43:00.255000,25.197000,2.486136e+01
179,2020-07-12 21:43:00.388000,25.330000,2.486106e+01
180,2020-07-12 21:43:00.522000,25.464000,2.489942e+01
181,2020-07-12 21:43:00.655000,25.597000,2.490649e+01
182,2020-07-12 21:43:00.789000,25.731000,2.489867e+01
183,2020-07-12 21:43:01.055000,25.997000,2.491812e+01
184,2020-07-12 21:43:01.188000,26.130000,2.491695e+01
185,2020-07-12 21:43:01.322000,26.264000,2.489260e+01
186,2020-07-12 21:43:01.455000,26.397000,2.489473e+01
187,2020-07-12 21:43:01.588000,26.530000,2.491423e+01
188,2020-07-12 21:43:01.721000,26.663000,2.491342e+01
189,2020-07-12 21:43:01.855000,26.797000,2.491453e+01
190,2020-07-12 21:43:01.989000,26.931000,2.492989e+01
191,2020-07-12 21:43:02.122000,27.064000,2.491984e+01
192,2020-07-12 21:43:02.255000,27.197000,2.492716e+01
193,2020-07-12 21:43:02.388000,27.330000,2.493797e+01
194,2020-07-12 21:43:02.522000,27.464000,2.494493e+01
195,2020-07-12 21:43:02.655000,27.597000,2.495745e+01
196,2020-07-12 21:43:02.788000,27.730000,2.494003e+01
197,2020-07-12 21:43:02.921000,27.863000,2.492326e+01
198,2020-07-12 21:43:03.055000,27.997000,2.492003e+01
199,2020-07-12 21:43:03.322000,28.264000,2.491771e+01
200,2020-07-12 21:43:03.455000,28.397000,2.493019e+01
201,2020-07-12 21:43:03.588000,28.530000,2.493888e+01
202,2020-07-12 21:43:03.721000,28.663000,2.492256e+01
203,2020-07-12 21:43:03.855000,28.797000,2.491347e+01
204,2020-07-12 21:43:03.989000,28.931000,2.491539e+01
205,2020-07-12 21:43:04.122000,29.064000,2.490231e+01
206,2020-07-12 21:43:04.255000,29.197000,2.491322e+01
207,2020-07-12 21:43:04.388000,29.330000,2.491094e+01
208,2020-07-12 21:43:04.522000,29.464000,2.491022e+01
209,2020-07-12 21:43:04.655000,29.597000,2.491998e+01
210,2020-07-12 21:43:04.788000,29.730000,2.491604e+01
211,2020-07-12 21:43:04.921000,29.863000,2.493191e+01
212,2020-07-12 21:43:05.055000,29.997000,2.493786e+01
213,2020-07-12 21:43:05.188000,30.130000,2.494342e+01
214,2020-07-12 21:43:05.322000,30.264000,2.496493e+01
215,2020-07-12 21:43:05.588000,30.530000,2.493801e+01
216,2020-07-12 21:43:05.721000,30.663000,2.494105e+01
217,2020-07-12 21:43:05.855000,30.797000,2.492670e+01
218,2020-07-12 21:43:05.988000,30.930000,2.492190e+01
219,2020-07-12 21:43:06.121000,31.063000,2.492171e+01
220,2020-07-12 21:43:06.255000,31.197000,2.491538e+01
221,2020-07-12 21:43:06.388000,31.330000,2.493215e+01
222,2020-07-12 21:43:06.522000,31.464000,2.493438e+01
223,2020-07-12 21:43:06.655000,31.597000,2.493407e+01
224,2020-07-12 21:43:06.788000,31.730000,2.494720e+01
225,2020-07-12 21:43:06.921000,31.863000,2.494523e+01
226,2020-07-12 21:43:07.055000,31.997000,2.491871e+01
227,2020-07-12 21:43:07.188000,32.130000,2.494523e+01
228,2020-07-12 21:43:07.321000,32.263000,2.496498e+01
229,2020-07-12 21:43:07.588000,32.530000,2.498447e+01
230,2020-07-12 21:43:07.721000,32.663000,2.499315e+01
231,2020-07-12 21:43:07.855000,32.797000,2.499991e+01
232,2020-07-12 21:43:07.988000,32.930000,2.500167e+01
233,2020-07-12 21:43:08.121000,33.063000,2.500294e+01
234,2020-07-12 21:43:08.255000,33.197000,2.498421e+01
235,2020-07-12 21:43:08.388000,33.330000,2.496876e+01
236,2020-07-12 21:43:08.522000,33.464000,2.496886e+01
237,2020-07-12 21:43:08.655000,33.597000,2.499542e+01
238,2020-07-12 21:43:08.788000,33.730000,2.502798e+01
239,2020-07-12 21:43:08.921000,33.863000,2.506188e+01
240,2020-07-12 21:43:09.055000,33.997000,2.507217e+01
241,2020-07-12 21:43:09.188000,34.130000,2.508125e+01
242,2020-07-12 21:43:09.321000,34.263000,2.506395e+01
243,2020-07-12 21:43:09.454000,34.396000,2.506380e+01
244,2020-07-12 21:43:09.588000,34.530000,2.507000e+01
245,2020-07-12 21:43:09.854000,34.796000,2.505346e+01
246,2020-07-12 21:43:09.988000,34.930000,2.506965e+01
247,2020-07-12 21:43:10.121000,35.063000,2.506627e+01
248,2020-07-12 21:43:10.255000,35.197000,2.506087e+01
249,2020-07-12 21:43:10.388000,35.330000,2.507010e+01
250,2020-07-12 21:43:10.521000,35.463000,2.506702e+01
251,2020-07-12 21:43:10.654000,35.596000,2.507590e+01
252,2020-07-12 21:43:10.788000,35.730000,2.506228e+01
253,2020-07-12 21:43:10.921000,35.863000,2.506163e+01
254,2020-07-12 21:43:11.055000,35.997000,2.506940e+01
255,2020-07-12 21:43:11.188000,36.130000,2.506500e+01
256,2020-07-12 21:43:11.321000,36.263000,2.505416e+01
257,2020-07-12 21:43:11.454000,36.396000,2.505966e+01
258,2020-07-12 21:43:11.588000,36.530000,2.504588e+01
259,2020-07-12 21:43:11.721000,36.663000,2.506102e+01
260,2020-07-12 21:43:11.854000,36.796000,2.510399e+01
261,2020-07-12 21:43:12.121000,37.063000,2.519117e+01
262,2020-07-12 21:43:12.255000,37.197000,2.533474e+01
263,2020-07-12 21:43:12.388000,37.330000,2.554390e+01
264,2020-07-12 21:43:12.521000,37.463000,2.579433e+01
265,2020-07-12 21:43:12.654000,37.596000,2.608809e+01
266,2020-07-12 21:43:12.788000,37.730000,2.642033e+01
267,2020-07-12 21:43:12.921000,37.863000,2.679445e+01
268,2020-07-12 21:43:13.055000,37.997000,2.719786e+01
269,2020-07-12 21:43:13.188000,38.130000,2.766472e+01
270,2020-07-12 21:43:13.321000,38.263000,2.814274e+01
271,2020-07-12 21:43:13.454000,38.396000,2.860862e+01
280,2020-07-12 21:43:14.787000,39.729000,3.271563e+01
281,2020-07-12 21:43:14.920000,39.862000,3.314003e+01
290,2020-07-12 21:43:16.120000,41.062000,3.691442e+01
291,2020-07-12 21:43:16.254000,41.196000,3.733405e+01
300,2020-07-12 21:43:17.587000,42.529000,4.153635e+01
301,2020-07-12 21:43:17.720000,42.662000,4.197175e+01
310,2020-07-12 21:43:19.053000,43.995000,4.638951e+01
311,2020-07-12 21:43:19.186000,44.128000,4.675852e+01
320,2020-07-12 21:43:20.386000,45.328000,4.997157e+01
321,2020-07-12 21:43:20.520000,45.462000,5.029371e+01
330,2020-07-12 21:43:21.853000,46.795000,5.304386e+01
331,2020-07-12 21:43:21.986000,46.928000,5.327274e+01
340,2020-07-12 21:43:23.320000,48.262000,5.546838e+01
341,2020-07-12 21:43:23.453000,48.395000,5.568581e+01
350,2020-07-12 21:43:24.653000,49.595000,5.764562e+01
351,2020-07-12 21:43:24.786000,49.728000,5.785593e+01
360,2020-07-12 21:43:26.119000,51.061000,6.001567e+01
361,2020-07-12 21:43:26.252000,51.194000,6.023938e+01
370,2020-07-12 21:43:27.585000,52.527000,6.221231e+01
371,2020-07-12 21:43:27.718000,52.660000,6.240637e+01
380,2020-07-12 21:43:28.918000,53.860000,6.383500e+01
381,2020-07-12 21:43:29.052000,53.994000,6.397601e+01
390,2020-07-12 21:43:30.385000,55.327000,6.567982e+01
391,2020-07-12 21:43:30.519000,55.461000,6.590224e+01
400,2020-07-12 21:43:31.852000,56.794000,6.816720e+01
401,2020-07-12 21:43:31.984000,56.926000,6.842331e+01
410,2020-07-12 21:43:33.185000,58.127000,7.053376e+01
411,2020-07-12 21:43:33.318000,58.260000,7.075477e+01
420,2020-07-12 21:43:34.651000,59.593000,7.303292e+01
421,2020-07-12 21:43:34.785000,59.727000,7.322242e+01
430,2020-07-12 21:43:36.118000,61.060000,7.504837e+01
431,2020-07-12 21:43:36.251000,61.193000,7.522199e+01
440,2020-07-12 21:43:37.451000,62.393000,7.667262e+01
441,2020-07-12 21:43:37.585000,62.527000,7.683736e+01
450,2020-07-12 21:43:38.918000,63.860000,7.876951e+01
451,2020-07-12 21:43:39.051000,63.993000,7.897456e+01
460,2020-07-12 21:43:40.384000,65.326000,8.074952e+01
461,2020-07-12 21:43:40.517000,65.459000,8.093792e+01
470,2020-07-12 21:43:41.717000,66.659000,8.231335e+01
471,2020-07-12 21:43:41.850000,66.792000,8.249452e+01
480,2020-07-12 21:43:43.183000,68.125000,8.389510e+01
481,2020-07-12 21:43:43.317000,68.259000,8.402135e+01
490,2020-07-12 21:43:44.650000,69.592000,8.534947e+01
491,2020-07-12 21:43:44.784000,69.726000,8.549479e+01
500,2020-07-12 21:43:45.983000,70.925000,8.467842e+01
501,2020-07-12 21:43:46.117000,71.059000,8.436118e+01
510,2020-07-12 21:43:47.450000,72.392000,8.097449e+01
511,2020-07-12 21:43:47.583000,72.525000,8.061945e+01
520,2020-07-12 21:43:48.783000,73.725000,7.735236e+01
521,2020-07-12 21:43:48.916000,73.858000,7.686101e+01
530,2020-07-12 21:43:50.249000,75.191000,7.106491e+01
531,2020-07-12 21:43:50.383000,75.325000,7.063625e+01
540,2020-07-12 21:43:51.716000,76.658000,6.592113e+01
541,2020-07-12 21:43:51.850000,76.792000,6.547739e+01
550,2020-07-12 21:43:53.050000,77.992000,6.164764e+01
551,2020-07-12 21:43:53.183000,78.125000,6.126773e+01
560,2020-07-12 21:43:54.516000,79.458000,5.760497e+01
561,2020-07-12 21:43:54.649000,79.591000,5.726715e+01
570,2020-07-12 21:43:55.981000,80.923000,5.393349e+01
571,2020-07-12 21:43:56.115000,81.057000,5.363287e+01
580,2020-07-12 21:43:57.315000,82.257000,5.098645e+01
581,2020-07-12 21:43:57.448000,82.390000,5.068117e+01
590,2020-07-12 21:43:58.781000,83.723000,4.793112e+01
591,2020-07-12 21:43:58.915000,83.857000,4.767919e+01
600,2020-07-12 21:44:00.248000,85.190000,4.508290e+01
601,2020-07-12 21:44:00.382000,85.324000,4.484570e+01
610,2020-07-12 21:44:01.582000,86.524000,4.331179e+01
611,2020-07-12 21:44:01.715000,86.657000,4.313926e+01
620,2020-07-12 21:44:03.048000,87.990000,4.131281e+01
621,2020-07-12 21:44:03.181000,88.123000,4.114395e+01
630,2020-07-12 21:44:04.514000,89.456000,3.957078e+01
631,2020-07-12 21:44:04.648000,89.590000,3.942987e+01
640,2020-07-12 21:44:05.848000,90.790000,3.805875e+01
641,2020-07-12 21:44:05.981000,90.923000,3.790142e+01
650,2020-07-12 21:44:07.315000,92.257000,3.625921e+01
651,2020-07-12 21:44:07.448000,92.390000,3.611171e+01
660,2020-07-12 21:44:08.781000,93.723000,3.466287e+01
661,2020-07-12 21:44:08.914000,93.856000,3.455764e+01
670,2020-07-12 21:44:10.113000,95.055000,3.351331e+01
671,2020-07-12 21:44:10.246000,95.188000,3.339610e+01
680,2020-07-12 21:44:11.580000,96.522000,3.236190e+01
681,2020-07-12 21:44:11.713000,96.655000,3.226806e+01
690,2020-07-12 21:44:12.913000,97.855000,3.141642e+01
691,2020-07-12 21:44:13.180000,98.122000,3.124724e+01
700,2020-07-12 21:44:14.380000,99.322000,3.057273e+01
701,2020-07-12 21:44:14.513000,99.455000,3.050746e+01
710,2020-07-12 21:44:15.847000,100.789000,2.988582e+01
711,2020-07-12 21:44:15.980000,100.922000,2.984229e+01
720,2020-07-12 21:44:17.184000,102.126000,2.925084e+01
721,2020-07-12 21:44:17.319000,102.261000,2.920547e+01
730,2020-07-12 21:44:18.661000,103.603000,2.871188e+01
731,2020-07-12 21:44:18.795000,103.737000,2.867179e+01
740,2020-07-12 21:44:20.129000,105.071000,2.834857e+01
741,2020-07-12 21:44:20.262000,105.204000,2.828485e+01
750,2020-07-12 21:44:21.461000,106.403000,2.794170e+01
751,2020-07-12 21:44:21.594000,106.536000,2.791381e+01
760,2020-07-12 21:44:22.927000,107.869000,2.751947e+01
761,2020-07-12 21:44:23.060000,108.002000,2.747052e+01
770,2020-07-12 21:44:24.394000,109.336000,2.718353e+01
771,2020-07-12 21:44:24.527000,109.469000,2.710694e+01
780,2020-07-12 21:44:25.727000,110.669000,2.689058e+01
781,2020-07-12 21:44:25.861000,110.803000,2.688562e+01
790,2020-07-12 21:44:27.194000,112.136000,2.667548e+01
791,2020-07-12 21:44:27.327000,112.269000,2.664612e+01
800,2020-07-12 21:44:28.661000,113.603000,2.630727e+01
801,2020-07-12 21:44:28.794000,113.736000,2.626299e+01
810,2020-07-12 21:44:29.994000,114.936000,2.611861e+01
811,2020-07-12 21:44:30.127000,115.069000,2.612979e+01
820,2020-07-12 21:44:31.460000,116.402000,2.603916e+01
821,2020-07-12 21:44:31.594000,116.536000,2.602331e+01
830,2020-07-12 21:44:32.927000,117.869000,2.594768e+01
831,2020-07-12 21:44:33.060000,118.002000,2.593604e+01
840,2020-07-12 21:44:34.260000,119.202000,2.589239e+01
841,2020-07-12 21:44:34.394000,119.336000,2.586785e+01
850,2020-07-12 21:44:35.726000,120.668000,2.584291e+01
851,2020-07-12 21:44:35.859000,120.801000,2.585339e+01
860,2020-07-12 21:44:37.059000,122.001000,2.590013e+01
861,2020-07-12 21:44:37.192000,122.134000,2.595986e+01
870,2020-07-12 21:44:38.526000,123.468000,2.710056e+01
871,2020-07-12 21:44:38.659000,123.601000,2.715689e+01
880,2020-07-12 21:44:39.992000,124.934000,2.777657e+01
881,2020-07-12 21:44:40.126000,125.068000,2.786030e+01
890,2020-07-12 21:44:41.325000,126.267000,2.850028e+01
891,2020-07-12 21:44:41.459000,126.401000,2.858700e+01
900,2020-07-12 21:44:42.792000,127.734000,3.458671e+01
901,2020-07-12 21:44:42.926000,127.868000,3.558927e+01
910,2020-07-12 21:44:44.259000,129.201000,4.405512e+01
911,2020-07-12 21:44:44.392000,129.334000,4.480350e+01
921,2020-07-12 21:44:45.725000,130.667000,5.104755e+01
931,2020-07-12 21:44:47.192000,132.134000,5.572538e+01
941,2020-07-12 21:44:48.659000,133.601000,5.865678e+01
951,2020-07-12 21:44:49.991000,134.933000,6.045362e+01
961,2020-07-12 21:44:51.457000,136.399000,6.209318e+01
971,2020-07-12 21:44:52.924000,137.866000,6.465683e+01
981,2020-07-12 21:44:54.257000,139.199000,6.756909e+01
991,2020-07-12 21:44:55.724000,140.666000,7.116781e+01
1001,2020-07-12 21:44:57.191000,142.133000,7.417691e+01
1011,2020-07-12 21:44:58.524000,143.466000,7.619827e+01
1021,2020-07-12 21:44:59.990000,144.932000,7.784606e+01
1031,2020-07-12 21:45:01.457000,146.399000,8.017429e+01
1041,2020-07-12 21:45:02.790000,147.732000,8.241750e+01
1051,2020-07-12 21:45:04.256000,149.198000,8.439169e+01
1061,2020-07-12 21:45:05.722000,150.664000,8.325978e+01
1071,2020-07-12 21:45:07.056000,151.998000,8.030951e+01
1081,2020-07-12 21:45:08.522000,153.464000,7.387640e+01
1091,2020-07-12 21:45:09.989000,154.931000,6.802808e+01
1101,2020-07-12 21:45:11.322000,156.264000,6.313943e+01
1111,2020-07-12 21:45:12.789000,157.731000,5.860297e+01
1121,2020-07-12 21:45:14.122000,159.064000,5.485123e+01
1131,2020-07-12 21:45:15.588000,160.530000,5.131379e+01
1141,2020-07-12 21:45:17.054000,161.996000,4.824422e+01
1151,2020-07-12 21:45:18.387000,163.329000,4.586385e+01
1161,2020-07-12 21:45:19.854000,164.796000,4.355010e+01
1171,2020-07-12 21:45:21.321000,166.263000,4.156850e+01
1181,2020-07-12 21:45:22.654000,167.596000,3.989915e+01
1191,2020-07-12 21:45:24.120000,169.062000,3.787519e+01
1201,2020-07-12 21:45:25.587000,170.529000,3.599386e+01
1211,2020-07-12 21:45:26.921000,171.863000,3.448009e+01
1221,2020-07-12 21:45:28.387000,173.329000,3.320091e+01
1231,2020-07-12 21:45:29.853000,174.795000,3.225591e+01
1241,2020-07-12 21:45:31.186000,176.128000,3.137178e+01
1251,2020-07-12 21:45:32.652000,177.594000,3.071928e+01
1261,2020-07-12 21:45:34.119000,179.061000,3.019807e+01
1271,2020-07-12 21:45:35.452000,180.394000,2.964325e+01
1281,2020-07-12 21:45:36.919000,181.861000,2.900516e+01
1291,2020-07-12 21:45:38.252000,183.194000,2.849011e+01
1301,2020-07-12 21:45:39.719000,184.661000,2.785605e+01
1311,2020-07-12 21:45:41.186000,186.128000,2.744582e+01
1321,2020-07-12 21:45:42.519000,187.461000,2.715090e+01
1331,2020-07-12 21:45:43.985000,188.927000,2.683490e+01
1341,2020-07-12 21:45:45.451000,190.393000,2.661299e+01
1351,2020-07-12 21:45:46.784000,191.726000,2.640691e+01
1361,2020-07-12 21:45:48.251000,193.193000,2.612086e+01
1371,2020-07-12 21:45:49.717000,194.659000,2.602827e+01
1381,2020-07-12 21:45:51.050000,195.992000,2.588872e+01
1391,2020-07-12 21:45:52.517000,197.459000,2.578400e+01
1401,2020-07-12 21:45:53.984000,198.926000,2.561912e+01
1411,2020-07-12 21:45:55.317000,200.259000,2.549253e+01
1421,2020-07-12 21:45:56.784000,201.726000,2.544709e+01
1431,2020-07-12 21:45:58.250000,203.192000,2.530647e+01
1441,2020-07-12 21:45:59.582000,204.524000,2.532503e+01
1451,2020-07-12 21:46:01.049000,205.991000,2.529957e+01
1461,2020-07-12 21:46:02.516000,207.458000,2.541098e+01
1471,2020-07-12 21:46:03.849000,208.791000,2.579654e+01
1481,2020-07-12 21:46:05.315000,210.257000,2.610361e+01
1491,2020-07-12 21:46:06.782000,211.724000,2.790666e+01
1501,2020-07-12 21:46:08.115000,213.057000,2.909761e+01
1511,2020-07-12 21:46:09.582000,214.524000,2.985678e+01
1521,2020-07-12 21:46:10.915000,215.857000,3.273273e+01
1531,2020-07-12 21:46:12.381000,217.323000,4.399109e+01
1541,2020-07-12 21:46:13.848000,218.790000,5.229705e+01
1551,2020-07-12 21:46:15.181000,220.123000,5.738072e+01
1561,2020-07-12 21:46:16.647000,221.589000,6.115066e+01
1571,2020-07-12 21:46:18.114000,223.056000,6.437281e+01
1581,2020-07-12 21:46:19.447000,224.389000,6.826257e+01
1591,2020-07-12 21:46:20.914000,225.856000,7.309690e+01
1601,2020-07-12 21:46:22.380000,227.322000,7.731381e+01
1611,2020-07-12 21:46:23.714000,228.656000,8.016122e+01
1621,2020-07-12 21:46:25.180000,230.122000,8.250859e+01
1631,2020-07-12 21:46:26.646000,231.588000,8.400414e+01
1641,2020-07-12 21:46:27.980000,232.922000,8.314156e+01
1651,2020-07-12 21:46:29.446000,234.388000,7.595663e+01
1661,2020-07-12 21:46:30.912000,235.854000,6.979961e+01
1671,2020-07-12 21:46:32.246000,237.188000,6.465053e+01
1681,2020-07-12 21:46:33.712000,238.654000,5.954552e+01
1691,2020-07-12 21:46:35.046000,239.988000,5.621453e+01
1701,2020-07-12 21:46:36.512000,241.454000,5.240670e+01
1711,2020-07-12 21:46:37.979000,242.921000,4.892893e+01
1721,2020-07-12 21:46:39.312000,244.254000,4.631841e+01
1731,2020-07-12 21:46:40.778000,245.720000,4.386921e+01
1741,2020-07-12 21:46:42.244000,247.186000,4.167043e+01
1751,2020-07-12 21:46:43.582000,248.524000,4.009889e+01
1761,2020-07-12 21:46:45.059000,250.001000,3.860898e+01
1771,2020-07-12 21:46:46.527000,251.469000,3.710545e+01
1781,2020-07-12 21:46:47.859000,252.801000,3.587639e+01
1791,2020-07-12 21:46:49.326000,254.268000,3.456382e+01
1801,2020-07-12 21:46:50.793000,255.735000,3.364962e+01
1811,2020-07-12 21:46:52.126000,257.068000,3.267384e+01
1821,2020-07-12 21:46:53.593000,258.535000,3.175441e+01
1831,2020-07-12 21:46:55.058000,260.000000,3.092988e+01
1841,2020-07-12 21:46:56.391000,261.333000,3.040648e+01
1851,2020-07-12 21:46:57.858000,262.800000,2.974959e+01
1861,2020-07-12 21:46:59.191000,264.133000,2.921956e+01
1871,2020-07-12 21:47:00.658000,265.600000,2.872603e+01
1881,2020-07-12 21:47:02.125000,267.067000,2.830256e+01
1891,2020-07-12 21:47:03.458000,268.400000,2.798624e+01
1901,2020-07-12 21:47:04.924000,269.866000,2.756561e+01
1911,2020-07-12 21:47:06.391000,271.333000,2.717134e+01
1921,2020-07-12 21:47:07.723000,272.665000,2.687533e+01
1931,2020-07-12 21:47:09.190000,274.132000,2.664890e+01
1941,2020-07-12 21:47:10.656000,275.598000,2.656419e+01
1951,2020-07-12 21:47:11.989000,276.931000,2.628736e+01
1961,2020-07-12 21:47:13.456000,278.398000,2.618292e+01
1971,2020-07-12 21:47:14.923000,279.865000,2.670959e+01
1981,2020-07-12 21:47:16.256000,281.198000,2.920099e+01
1991,2020-07-12 21:47:17.723000,282.665000,3.064830e+01
2001,2020-07-12 21:47:19.189000,284.131000,3.187436e+01
2011,2020-07-12 21:47:20.522000,285.464000,4.284481e+01
2021,2020-07-12 21:47:21.988000,286.930000,5.154338e+01
2031,2020-07-12 21:47:23.322000,288.264000,5.726384e+01
2041,2020-07-12 21:47:24.788000,289.730000,6.184602e+01
2051,2020-07-12 21:47:26.254000,291.196000,6.515170e+01
2061,2020-07-12 21:47:27.588000,292.530000,6.739938e+01
2071,2020-07-12 21:47:29.055000,293.997000,6.935928e+01
2081,2020-07-12 21:47:30.521000,295.463000,7.069305e+01
2091,2020-07-12 21:47:31.855000,296.797000,7.226846e+01
2101,2020-07-12 21:47:33.321000,298.263000,7.514845e+01
2111,2020-07-12 21:47:34.787000,299.729000,7.748922e+01
2121,2020-07-12 21:47:36.120000,301.062000,7.896408e+01
2131,2020-07-12 21:47:37.587000,302.529000,8.022362e+01
2141,2020-07-12 21:47:39.053000,303.995000,8.094920e+01
2151,2020-07-12 21:47:40.386000,305.328000,7.658031e+01
2161,2020-07-12 21:47:41.853000,306.795000,7.039421e+01
2171,2020-07-12 21:47:43.320000,308.262000,6.513488e+01
2181,2020-07-12 21:47:44.653000,309.595000,6.041736e+01
2191,2020-07-12 21:47:46.120000,311.062000,5.642038e+01
2201,2020-07-12 21:47:47.586000,312.528000,5.304069e+01
2211,2020-07-12 21:47:48.919000,313.861000,5.009055e+01
2221,2020-07-12 21:47:50.385000,315.327000,4.682890e+01
2231,2020-07-12 21:47:51.852000,316.794000,4.440908e+01
2241,2020-07-12 21:47:53.185000,318.127000,4.209249e+01
2251,2020-07-12 21:47:54.652000,319.594000,3.986087e+01
2261,2020-07-12 21:47:56.118000,321.060000,3.784735e+01
2271,2020-07-12 21:47:57.451000,322.393000,3.647715e+01
2281,2020-07-12 21:47:58.918000,323.860000,3.500105e+01
2291,2020-07-12 21:48:00.251000,325.193000,3.374715e+01
2301,2020-07-12 21:48:01.718000,326.660000,3.266302e+01
2311,2020-07-12 21:48:03.184000,328.126000,3.164577e+01
2321,2020-07-12 21:48:04.517000,329.459000,3.079653e+01
2331,2020-07-12 21:48:05.983000,330.925000,3.010570e+01
2341,2020-07-12 21:48:07.450000,332.392000,2.953757e+01
2351,2020-07-12 21:48:08.783000,333.725000,2.906032e+01
2361,2020-07-12 21:48:10.250000,335.192000,2.859254e+01
2371,2020-07-12 21:48:11.716000,336.658000,2.821229e+01
2381,2020-07-12 21:48:13.049000,337.991000,2.779245e+01
2391,2020-07-12 21:48:14.516000,339.458000,2.742656e+01
2401,2020-07-12 21:48:15.982000,340.924000,2.713315e+01
2411,2020-07-12 21:48:17.315000,342.257000,2.696255e+01
2421,2020-07-12 21:48:18.782000,343.724000,2.669903e+01
2431,2020-07-12 21:48:20.115000,345.057000,2.652514e+01
2441,2020-07-12 21:48:21.581000,346.523000,2.630155e+01
2451,2020-07-12 21:48:23.048000,347.990000,2.597041e+01
2461,2020-07-12 21:48:24.382000,349.324000,2.582106e+01
2471,2020-07-12 21:48:25.848000,350.790000,2.628499e+01
2481,2020-07-12 21:48:27.314000,352.256000,2.851351e+01
2491,2020-07-12 21:48:28.648000,353.590000,2.972879e+01
2501,2020-07-12 21:48:30.114000,355.056000,3.082332e+01
2511,2020-07-12 21:48:31.580000,356.522000,3.308893e+01
2521,2020-07-12 21:48:32.914000,357.856000,4.469668e+01
2531,2020-07-12 21:48:34.380000,359.322000,5.411808e+01
2541,2020-07-12 21:48:35.846000,360.788000,6.078315e+01
2551,2020-07-12 21:48:37.180000,362.122000,6.504294e+01
2561,2020-07-12 21:48:38.647000,363.589000,6.850043e+01
2571,2020-07-12 21:48:40.113000,365.055000,7.098132e+01
2581,2020-07-12 21:48:41.446000,366.388000,7.272232e+01
2591,2020-07-12 21:48:42.913000,367.855000,7.411440e+01
2601,2020-07-12 21:48:44.379000,369.321000,7.494076e+01
2611,2020-07-12 21:48:45.712000,370.654000,7.581388e+01
2621,2020-07-12 21:48:47.179000,372.121000,7.634670e+01
2631,2020-07-12 21:48:48.645000,373.587000,7.691514e+01
2641,2020-07-12 21:48:49.978000,374.920000,7.732135e+01
2651,2020-07-12 21:48:51.445000,376.387000,7.425055e+01
2661,2020-07-12 21:48:52.912000,377.854000,6.873660e+01
2671,2020-07-12 21:48:54.245000,379.187000,6.362798e+01
2681,2020-07-12 21:48:55.711000,380.653000,5.889699e+01
2691,2020-07-12 21:48:57.044000,381.986000,5.490989e+01
2701,2020-07-12 21:48:58.510000,383.452000,5.133932e+01
2711,2020-07-12 21:48:59.977000,384.919000,4.836641e+01
2721,2020-07-12 21:49:01.310000,386.252000,4.601062e+01
2731,2020-07-12 21:49:02.776000,387.718000,4.331046e+01
2741,2020-07-12 21:49:04.243000,389.185000,4.123953e+01
2751,2020-07-12 21:49:05.576000,390.518000,3.968138e+01
2761,2020-07-12 21:49:07.043000,391.985000,3.801519e+01
2771,2020-07-12 21:49:08.510000,393.452000,3.650668e+01
2781,2020-07-12 21:49:09.847000,394.789000,3.521646e+01
2791,2020-07-12 21:49:11.324000,396.266000,3.390276e+01
2801,2020-07-12 21:49:12.791000,397.733000,3.281576e+01
2811,2020-07-12 21:49:14.124000,399.066000,3.192731e+01
2821,2020-07-12 21:49:15.591000,400.533000,3.086273e+01
2831,2020-07-12 21:49:17.057000,401.999000,2.998194e+01
2841,2020-07-12 21:49:18.390000,403.332000,2.936675e+01
2851,2020-07-12 21:49:19.857000,404.799000,2.873590e+01
2861,2020-07-12 21:49:21.191000,406.133000,2.830472e+01
2871,2020-07-12 21:49:22.657000,407.599000,2.794339e+01
2881,2020-07-12 21:49:24.123000,409.065000,2.754398e+01
2891,2020-07-12 21:49:25.456000,410.398000,2.720389e+01
2901,2020-07-12 21:49:26.922000,411.864000,2.688253e+01
2911,2020-07-12 21:49:28.389000,413.331000,2.660548e+01
2921,2020-07-12 21:49:29.723000,414.665000,2.652624e+01
2931,2020-07-12 21:49:31.189000,416.131000,2.848929e+01
2941,2020-07-12 21:49:32.655000,417.597000,2.969302e+01
2951,2020-07-12 21:49:33.989000,418.931000,3.094776e+01
2961,2020-07-12 21:49:35.456000,420.398000,3.642159e+01
2971,2020-07-12 21:49:36.922000,421.864000,4.823392e+01
2981,2020-07-12 21:49:38.255000,423.197000,5.627563e+01
2991,2020-07-12 21:49:39.721000,424.663000,6.247121e+01
3001,2020-07-12 21:49:41.187000,426.129000,6.687100e+01
3011,2020-07-12 21:49:42.521000,427.463000,6.977225e+01
3021,2020-07-12 21:49:43.988000,428.930000,7.203261e+01
3031,2020-07-12 21:49:45.321000,430.263000,7.365464e+01
3041,2020-07-12 21:49:46.787000,431.729000,7.598920e+01
3051,2020-07-12 21:49:48.254000,433.196000,7.934136e+01
3061,2020-07-12 21:49:49.587000,434.529000,8.209451e+01
3071,2020-07-12 21:49:51.054000,435.996000,8.417109e+01
3081,2020-07-12 21:49:52.519000,437.461000,8.018692e+01
3091,2020-07-12 21:49:53.852000,438.794000,7.455592e+01
3101,2020-07-12 21:49:55.319000,440.261000,6.824529e+01
3111,2020-07-12 21:49:56.786000,441.728000,6.271105e+01
3121,2020-07-12 21:49:58.119000,443.061000,5.800116e+01
3131,2020-07-12 21:49:59.586000,444.528000,5.376060e+01
3141,2020-07-12 21:50:01.052000,445.994000,5.023675e+01
3151,2020-07-12 21:50:02.385000,447.327000,4.774105e+01
3161,2020-07-12 21:50:03.852000,448.794000,4.506822e+01
3171,2020-07-12 21:50:05.319000,450.261000,4.295630e+01
3181,2020-07-12 21:50:06.651000,451.593000,4.110341e+01
3191,2020-07-12 21:50:08.117000,453.059000,3.944193e+01
3201,2020-07-12 21:50:09.584000,454.526000,3.787446e+01
3211,2020-07-12 21:50:10.917000,455.859000,3.660378e+01
3221,2020-07-12 21:50:12.384000,457.326000,3.520275e+01
3231,2020-07-12 21:50:13.850000,458.792000,3.366675e+01
3241,2020-07-12 21:50:15.184000,460.126000,3.273955e+01
3251,2020-07-12 21:50:16.650000,461.592000,3.155694e+01
3261,2020-07-12 21:50:18.117000,463.059000,3.085060e+01
3271,2020-07-12 21:50:19.450000,464.392000,3.017420e+01
3281,2020-07-12 21:50:20.916000,465.858000,2.950471e+01
3291,2020-07-12 21:50:22.249000,467.191000,2.889658e+01
3301,2020-07-12 21:50:23.715000,468.657000,2.834189e+01
3311,2020-07-12 21:50:25.182000,470.124000,2.796854e+01
3321,2020-07-12 21:50:26.516000,471.458000,2.769719e+01
3331,2020-07-12 21:50:27.982000,472.924000,2.741362e+01
3341,2020-07-12 21:50:29.449000,474.391000,2.704951e+01
3351,2020-07-12 21:50:30.782000,475.724000,2.678480e+01
3361,2020-07-12 21:50:32.248000,477.190000,2.668036e+01
3371,2020-07-12 21:50:33.715000,478.657000,2.643982e+01
3381,2020-07-12 21:50:35.048000,479.990000,2.610830e+01
3391,2020-07-12 21:50:36.514000,481.456000,2.589885e+01
3401,2020-07-12 21:50:37.980000,482.922000,2.570353e+01
